Workbook

Sheet GRAFICOS
C2: GRAFICOS STOCK MATERIA PRIMA OCTUBRE 2024
C4: 3-Polipropileno COPOLIMERO manija COD:2630PC | J4: 7-Acetal (AMCEL KP20) M90 | Q4: 15-Santoprene 64 COD:101-64 | X4: 19- PLASTOMER | AF4: 23- Master Gris
C5: MAXIMO | D5: 5000 | J5: MAXIMO | K5: =STOCK!#REF! -> #REF! | Q5: MAXIMO | R5: =STOCK!#REF! -> #REF! | X5: MAXIMO | Y5: =STOCK!K9 -> 5000 | AF5: MAXIMO | AG5: =STOCK!#REF! -> #REF!
C6: Litros consumidos | D6: =STOCK!#REF!-STOCK!#REF! -> #REF! | J6: Litros consumidos | K6: =STOCK!#REF!-STOCK!#REF! -> #REF! | Q6: Litros consumidos | R6: =STOCK!#REF!-STOCK!#REF! -> #REF! | X6: Litros consumidos | Y6: =STOCK!K9-STOCK!F9 -> 4625 | AF6: Litros consumidos | AG6: =STOCK!#REF!-STOCK!#REF! -> #REF!
C7: EN STOCK | D7: =STOCK!#REF!+STOCK!#REF! -> #REF! | J7: EN STOCK | K7: =STOCK!#REF! -> #REF! | Q7: EN STOCK | R7: =STOCK!F13 -> 87.555 | X7: EN STOCK | Y7: =STOCK!F9 -> 375 | AF7: EN STOCK | AG7: =STOCK!#REF! -> #REF!
C8: Stock minimo | D8: =STOCK!#REF! -> #REF! | J8: Stock minimo | K8: =STOCK!#REF! -> #REF! | Q8: Stock minimo | R8: =STOCK!#REF! -> #REF! | X8: Stock minimo | Y8: =STOCK!J9 -> 3000 | AF8: Stock minimo | AG8: =STOCK!#REF! -> #REF!
C9: Tapa | D9: 0.1 | J9: Tapa | K9: 0.1 | Q9: Tapa | R9: 0.1 | X9: Tapa | Y9: 0.1 | AF9: Tapa | AG9: 0.1
C10: LLeno | D10: =+(D5-D6)/D5 -> #REF! | J10: LLeno | K10: =+(K5-K6)/K5 -> #REF! | Q10: LLeno | R10: =+(R5-R6)/R5 -> #REF! | X10: LLeno | Y10: =+(Y5-Y6)/Y5 -> 0.075 | AF10: LLeno | AG10: =+(AG5-AG6)/AG5 -> #REF!
C11: Vacio | D11: =1-D10 -> #REF! | J11: Vacio | K11: =1-K10 -> #REF! | Q11: Vacio | R11: =1-R10 -> #REF! | X11: Vacio | Y11: =1-Y10 -> 0.925 | AF11: Vacio | AG11: =1-AG10 -> #REF!
C12: Tapa | D12: 0.1 | J12: Tapa | K12: 0.1 | Q12: Tapa | R12: 0.1 | X12: Tapa | Y12: 0.1 | AF12: Tapa | AG12: 0.1
C14: 4-Polipropileno homopolimero 1102K | J14: 8-Acetal (DURACOM 15M6770) M270 | Q14: 16- Santoprene 80 - COD:101-80 | X14: 20- A.B.C VIRGEN | AF14: 24- Master negro 951
C15: MAXIMO | D15: 25000 | J15: MAXIMO | K15: =STOCK!#REF! -> #REF! | Q15: MAXIMO | R15: =STOCK!#REF! -> #REF! | X15: MAXIMO | Y15: =STOCK!#REF! -> #REF! | AF15: MAXIMO | AG15: =STOCK!K13 -> 75
C16: Litros consumidos | D16: =STOCK!#REF!-STOCK!#REF! -> #REF! | J16: Litros consumidos | K16: =STOCK!#REF!-STOCK!#REF! -> #REF! | Q16: Litros consumidos | R16: =STOCK!#REF!-STOCK!#REF! -> #REF! | X16: Litros consumidos | Y16: =STOCK!#REF!-STOCK!#REF! -> #REF! | AF16: Litros consumidos | AG16: =STOCK!K13-STOCK!F13 -> -12.555
C17: EN STOCK | D17: =GRAFICOS!D15-GRAFICOS!D16 -> #REF! | J17: EN STOCK | K17: =STOCK!#REF! -> #REF! | Q17: EN STOCK | R17: =STOCK!#REF! -> #REF! | X17: EN STOCK | Y17: =STOCK!#REF! -> #REF! | AF17: EN STOCK | AG17: =STOCK!F13 -> 87.555
C18: Stock minimo | D18: 5000 | J18: Stock minimo | K18: =STOCK!#REF! -> #REF! | Q18: Stock minimo | R18: =STOCK!#REF! -> #REF! | X18: Stock minimo | Y18: =STOCK!#REF! -> #REF! | AF18: Stock minimo | AG18: =STOCK!J13 -> 25
C19: Tapa | D19: 0.1 | J19: Tapa | K19: 0.1 | Q19: Tapa | R19: 0.1 | X19: Tapa | Y19: 0.1 | AF19: Tapa | AG19: 0.1
C20: LLeno | D20: =+(D15-D16)/D15 -> #REF! | J20: LLeno | K20: =+(K15-K16)/K15 -> #REF! | Q20: LLeno | R20: =+(R15-R16)/R15 -> #REF! | X20: LLeno | Y20: =+(Y15-Y16)/Y15 -> #REF! | AF20: LLeno | AG20: =+(AG15-AG16)/AG15 -> 1.1674
C21: Vacio | D21: =1-D20 -> #REF! | J21: Vacio | K21: =1-K20 -> #REF! | Q21: Vacio | R21: =1-R20 -> #REF! | X21: Vacio | Y21: =1-Y20 -> #REF! | AF21: Vacio | AG21: =1-AG20 -> -0.1674
C22: Tapa | D22: 0.1 | J22: Tapa | K22: 0.1 | Q22: Tapa | R22: 0.1 | X22: Tapa | Y22: 0.1 | AF22: Tapa | AG22: 0.1
C24: 5-Poliprolipeno C/ carga ALL816-1 | J24: 9-ACETAL NATURAL KOCETAL | Q24: 17- Santoprene 64 COD:201-64 Diferente color | X24: 21- Master Azul | AF24: 28- Acetal KO GF 705 natural (ACETAL CON 25% FIBRA FLUENCIA 705 POM )
C25: MAXIMO | D25: 1500 | J25: MAXIMO | K25: =STOCK!#REF! -> #REF! | Q25: MAXIMO | R25: =STOCK!#REF! -> #REF! | X25: MAXIMO | Y25: =STOCK!K12 -> 75 | AF25: MAXIMO | AG25: =STOCK!#REF! -> #REF!
C26: Litros consumidos | D26: =STOCK!#REF!-STOCK!#REF! -> #REF! | J26: Litros consumidos | K26: =STOCK!#REF!-STOCK!#REF! -> #REF! | Q26: Litros consumidos | R26: =STOCK!#REF!-STOCK!#REF! -> #REF! | X26: Litros consumidos | Y26: =STOCK!K12-STOCK!F12 -> 52.62 | AF26: Litros consumidos | AG26: =STOCK!#REF!-STOCK!#REF! -> #REF!
C27: EN STOCK | D27: =D25-D26 -> #REF! | J27: EN STOCK | K27: =STOCK!#REF! -> #REF! | Q27: EN STOCK | R27: =STOCK!#REF! -> #REF! | X27: EN STOCK | Y27: =STOCK!F12 -> 22.38 | AF27: EN STOCK | AG27: =STOCK!F13 -> 87.555
C28: Stock minimo | D28: 500 | J28: Stock minimo | K28: =STOCK!#REF! -> #REF! | Q28: Stock minimo | R28: =STOCK!#REF! -> #REF! | X28: Stock minimo | Y28: =STOCK!J12 -> 25 | AF28: Stock minimo | AG28: =STOCK!#REF! -> #REF!
C29: Tapa | D29: 0.1 | J29: Tapa | K29: 0.1 | Q29: Tapa | R29: 0.1 | X29: Tapa | Y29: 0.1 | AF29: Tapa | AG29: 0.1
C30: LLeno | D30: =+(D25-D26)/D25 -> #REF! | J30: LLeno | K30: =+(K25-K26)/K25 -> #REF! | Q30: LLeno | R30: =+(R25-R26)/R25 -> #REF! | X30: LLeno | Y30: =+(Y25-Y26)/Y25 -> 0.2984 | AF30: LLeno | AG30: =+(AG25-AG26)/AG25 -> #REF!
C31: Vacio | D31: =1-D30 -> #REF! | J31: Vacio | K31: =1-K30 -> #REF! | Q31: Vacio | R31: =1-R30 -> #REF! | X31: Vacio | Y31: =1-Y30 -> 0.7016 | AF31: Vacio | AG31: =1-AG30 -> #REF!
C32: Tapa | D32: 0.1 | J32: Tapa | K32: 0.1 | Q32: Tapa | R32: 0.1 | X32: Tapa | Y32: 0.1 | AF32: Tapa | AG32: 0.1
C34: 6-Polietileno COD:8818 MEDIA | J34: 14-Santoprene 80 COD:201-80 | Q34: 18-Prinz PVC COD: 55-021-NRG001 | X34: 22-Master Amarillo
C35: MAXIMO | D35: =STOCK!K8 -> 200 | J35: MAXIMO | K35: =STOCK!#REF! -> #REF! | Q35: MAXIMO | R35: =STOCK!#REF! -> #REF! | X35: MAXIMO | Y35: =STOCK!#REF! -> #REF!
C36: Litros consumidos | D36: =STOCK!K8-STOCK!F8 -> 200 | J36: Litros consumidos | K36: =STOCK!#REF!-STOCK!#REF! -> #REF! | Q36: Litros consumidos | R36: =STOCK!#REF!-STOCK!#REF! -> #REF! | X36: Litros consumidos | Y36: =STOCK!#REF!-STOCK!#REF! -> #REF!
C37: EN STOCK | D37: =STOCK!F8 -> 0 | J37: EN STOCK | K37: =STOCK!#REF! -> #REF! | Q37: EN STOCK | R37: =STOCK!#REF! -> #REF! | X37: EN STOCK | Y37: =STOCK!#REF! -> #REF!
C38: Stock minimo | D38: =STOCK!J8 -> 100 | J38: Stock minimo | K38: =STOCK!#REF! -> #REF! | Q38: Stock minimo | R38: =STOCK!#REF! -> #REF! | X38: Stock minimo | Y38: =STOCK!#REF! -> #REF!
C39: Tapa | D39: 0.1 | J39: Tapa | K39: 0.1 | Q39: Tapa | R39: 0.1 | X39: Tapa | Y39: 0.1
C40: LLeno | D40: =+(D35-D36)/D35 -> 0 | J40: LLeno | K40: =+(K35-K36)/K35 -> #REF! | Q40: LLeno | R40: =+(R35-R36)/R35 -> #REF! | X40: LLeno | Y40: =+(Y35-Y36)/Y35 -> #REF!
C41: Vacio | D41: =1-D40 -> 1 | J41: Vacio | K41: =1-K40 -> #REF! | Q41: Vacio | R41: =1-R40 -> #REF! | X41: Vacio | Y41: =1-Y40 -> #REF!
C42: Tapa | D42: 0.1 | J42: Tapa | K42: 0.1 | Q42: Tapa | R42: 0.1 | X42: Tapa | Y42: 0.1

Sheet STOCK
A3: Stock materia prima agosto 2026
A5: CODIGO INTERNO | B5: MATERIAL VIRGEN | C5: STOCK AL 04/08/2026 | D5: INGRESOS | E5: EGRESOS | F5: STOCK A FECHA 11/08/2026 | G5: FISICO AL 07/08/2026 | H5: DIFERENCIA DE STOCK | I5: AGRGADOS | J5: STOCK MINIMO | K5: STOCK MAXIMO | L5: COMPRAS EN PROCESA | M5: ESTADO | N5: comentarios
A6: 3 | B6: 3-Polipropileno COPOLIMERO COD:2630PC | C6: 50 | D6: =INGRESO!X6 -> 4000 | E6: =EGRESO!X6 -> 0 | F6: =(C6+D6)-E6 -> 4050 | H6: =F6-G6 -> 4050 | J6: 3000 | K6: 5000
A7: 4 | B7: 04- polipropileno homopolimero | C7: 0 | D7: =INGRESO!X7 -> 0 | E7: =EGRESO!X7 -> 0 | F7: =(C7+D7)-E7 -> 0 | H7: =F7-G7 -> 0 | J7: 100 | K7: 200
A8: 6 | B8: 6-Polietileno COD:8818 MEDIA | C8: 0 | D8: =INGRESO!X8 -> 0 | E8: =EGRESO!X8 -> 0 | F8: =(C8+D8)-E8 -> 0 | H8: =F8-G8 -> 0 | J8: 100 | K8: 200
A9: 19 | B9: 19- PLASTOMER | C9: 375 | D9: =INGRESO!X9 -> 0 | E9: =EGRESO!X9 -> 0 | F9: =(C9+D9)-E9 -> 375 | H9: =F9-G9 -> 375 | J9: 3000 | K9: 5000
A10: 31 | B10: 31-COPOLIMERO 2240 P | C10: 6300 | D10: =INGRESO!X10 -> 0 | E10: =EGRESO!X10 -> 3300 | F10: =(C10+D10)-E10 -> 3000 | H10: =F10-G10 -> 3000 | J10: 3000 | K10: 5000
A11: 38 | B11: 38-compuesto PE AD SN | C11: 0 | D11: =INGRESO!X11 -> 0 | E11: =EGRESO!X11 -> 0 | F11: =(C11+D11)-E11 -> 0 | H11: =F11-G11 -> 0 | N11: se utiliza para limpieza en evaluacion de cambio
A12: 21 | B12: 21-Master Azul | C12: 22.38 | D12: =INGRESO!X12 -> 0 | E12: =EGRESO!X12 -> 0 | F12: =(C12+D12)-E12 -> 22.38 | H12: =F12-G12 -> 22.38 | J12: 25 | K12: 75
A13: 24 | B13: 24-Master negro 951 | C13: 37.555 | D13: =INGRESO!X13 -> 50 | E13: =EGRESO!X13 -> 0 | F13: =(C13+D13)-E13 -> 87.555 | H13: =F13-G13 -> 87.555 | J13: 25 | K13: 75
A14: B 1 | B14: B1-Master Gris Oscuro 105808 | C14: 8.743 | D14: =INGRESO!X14 -> 35.827 | E14: =EGRESO!X14 -> 11.4 | F14: =(C14+D14)-E14 -> 33.17 | H14: =F14-G14 -> 33.17 | J14: 10 | K14: 20
A15: B 3 | B15: B3-Master Blanco | C15: 0 | D15: =INGRESO!X15 -> 0 | E15: =EGRESO!X15 -> 0 | F15: =(C15+D15)-E15 -> 0 | H15: =F15-G15 -> 0 | J15: 3.5 | K15: 5
A16: B 4 | B16: B4-Master Azul oscuro 100954 | C16: 4.459 | D16: =INGRESO!X16 -> 0 | E16: =EGRESO!X16 -> 0 | F16: =(C16+D16)-E16 -> 4.459 | H16: =F16-G16 -> 4.459 | J16: 3.5 | K16: 5
A17: B 5 | B17: B5- Master Amarillo 114247 | C17: 2.7 | D17: =INGRESO!X17 -> 0 | E17: =EGRESO!X17 -> 0 | F17: =(C17+D17)-E17 -> 2.7 | H17: =F17-G17 -> 2.7 | J17: Se reemplaza con A5 | K17: 0
A18: A5 | B18: A5- Master Amarillo 7228 | C18: 0 | D18: =INGRESO!X18 -> 5 | E18: =EGRESO!X18 -> 0 | F18: =(C18+D18)-E18 -> 5 | H18: =F18-G18 -> 5 | J18: 3.5 | K18: 5 | L18: 5
A19: B 6 | B19: B6- Master Verde 113227 | C19: 2.496 | D19: =INGRESO!X19 -> 0 | E19: =EGRESO!X19 -> 0 | F19: =(C19+D19)-E19 -> 2.496 | H19: =F19-G19 -> 2.496 | J19: 3.5 | K19: 5
A20: B 7 | B20: B7-Master Rojo 100319 | C20: 1.896 | D20: =INGRESO!X20 -> 5 | E20: =EGRESO!X20 -> 0 | F20: =(C20+D20)-E20 -> 6.896 | H20: =F20-G20 -> 6.896 | J20: 3.5 | K20: 5
A21: B10 | B21: B10-Master Gris Oscuro nor 108900 (gris claro catalogo) | C21: 8.45 | D21: =INGRESO!X21 -> 0 | E21: =EGRESO!X21 -> 0 | F21: =(C21+D21)-E21 -> 8.45 | H21: =F21-G21 -> 8.45 | J21: 3.5 | K21: 5
A22: B11 | B22: B11-Master celeste 112228 | C22: 2.76 | D22: =INGRESO!X22 -> 0 | E22: =EGRESO!X22 -> 2.7 | F22: =(C22+D22)-E22 -> 0.06 | H22: =F22-G22 -> 0.06 | J22: 3.5 | K22: 5
A23: A9 | B23: A9-Master naranja 7363 | C23: 4.209 | D23: =INGRESO!X23 -> 0 | E23: =EGRESO!X23 -> 0 | F23: =(C23+D23)-E23 -> 4.209 | H23: =F23-G23 -> 4.209 | J23: 3.5 | K23: 5
A24: A14 | B24: A14- Master Yute 4101 | C24: 0.198 | D24: =INGRESO!X24 -> 5 | E24: =EGRESO!X24 -> 0 | F24: =(C24+D24)-E24 -> 5.198 | H24: =F24-G24 -> 5.198 | J24: 3.5 | K24: 5 | L24: 5
A25: A3 | B25: A3-MASTER BLANCO 7500 | C25: 2.802 | D25: =INGRESO!X25 -> 0 | E25: =EGRESO!X25 -> 0 | F25: =(C25+D25)-E25 -> 2.802 | H25: =F25-G25 -> 2.802 | J25: 3.5 | K25: 5
B26: Materiales de muestra o alternativos | C26: STOCK AL 04/08/2026 | D26: INGRESOS | E26: EGRESOS | F26: STOCK A FECHA 11/08/2026 | G26: FISICO AL 07/08/2026 | H26: DIFERENCIA DE STOCK | I26: AGRGADOS | J26: STOCK MINIMO | K26: STOCK MAXIMO | L26: COMPRAS EN PROCESA | M26: ESTADO | N26: comentarios
A27: P 1 | B27: P1-Master Gris Oscuro 991700 | C27: 1.275 | D27: =INGRESO!X27 -> 0 | E27: =EGRESO!X27 -> 0 | F27: =(C27+D27)-E27 -> 1.275 | H27: =F27-G27 -> 1.275
A28: P 2 | B28: P2 Master Gris Claro 991010 | C28: 0.335 | D28: =INGRESO!X28 -> 0 | E28: =EGRESO!X28 -> 0 | F28: =(C28+D28)-E28 -> 0.335 | H28: =F28-G28 -> 0.335
A29: P 3 | B29: P3-Master Blanco | C29: 0 | D29: =INGRESO!X29 -> 0 | E29: =EGRESO!X29 -> 0 | F29: =(C29+D29)-E29 -> 0 | H29: =F29-G29 -> 0
A30: P 4 | B30: P4-Master Azul oscuro 961515 | C30: 1 | D30: =INGRESO!X30 -> 0 | E30: =EGRESO!X30 -> 0 | F30: =(C30+D30)-E30 -> 1 | H30: =F30-G30 -> 1
A31: P 5 | B31: P5- Master Amarillo1303342 | C31: 0.75 | D31: =INGRESO!X31 -> 0 | E31: =EGRESO!X31 -> 0 | F31: =(C31+D31)-E31 -> 0.75 | H31: =F31-G31 -> 0.75
A32: P 6 | B32: P6- Master Verde 1704673 | C32: 0.68 | D32: =INGRESO!X32 -> 0 | E32: =EGRESO!X32 -> 0 | F32: =(C32+D32)-E32 -> 0.68 | H32: =F32-G32 -> 0.68
A33: P 7 | B33: P7-Master Rojo1501925 | C33: 1.075 | D33: =INGRESO!X33 -> 0 | E33: =EGRESO!X33 -> 0 | F33: =(C33+D33)-E33 -> 1.075 | H33: =F33-G33 -> 1.075
A34: P 8 | B34: P8-Master Azul claro am 068 | C34: 0.148 | D34: =INGRESO!X34 -> 0 | E34: =EGRESO!X34 -> 0 | F34: =(C34+D34)-E34 -> 0.148 | H34: =F34-G34 -> 0.148
A35: P 9 | B35: P9-Master Naranja 1100406 | C35: 0.62 | D35: =INGRESO!X35 -> 0 | E35: =EGRESO!X35 -> 0 | F35: =(C35+D35)-E35 -> 0.62 | H35: =F35-G35 -> 0.62
A36: p10 | B36: P10-Master negro991333 | C36: 1.635 | D36: =INGRESO!X36 -> 0 | E36: =EGRESO!X36 -> 0 | F36: =(C36+D36)-E36 -> 1.635 | H36: =F36-G36 -> 1.635
A37: p11 | B37: P11-Master celeste 961150 | C37: 0.74 | D37: =INGRESO!X37 -> 0 | E37: =EGRESO!X37 -> 0 | F37: =(C37+D37)-E37 -> 0.74 | H37: =F37-G37 -> 0.74
A38: P15 | B38: P15-master perlado 020 | C38: 0.172 | D38: =INGRESO!X38 -> 0 | E38: =EGRESO!X38 -> 0 | F38: =(C38+D38)-E38 -> 0.172 | H38: =F38-G38 -> 0.172
A39: A4 | B39: A4- Master Azul 3351 | C39: 4.871 | D39: =INGRESO!X39 -> 25.382 | E39: =EGRESO!X39 -> 15.75 | F39: =(C39+D39)-E39 -> 14.503 | H39: =F39-G39 -> 14.503 | L39: 25
A40: A6 | B40: A6-Master Verde 4170 | C40: 3.558 | D40: =INGRESO!X40 -> 0 | E40: =EGRESO!X40 -> 0 | F40: =(C40+D40)-E40 -> 3.558 | H40: =F40-G40 -> 3.558
A41: A12 | B41: A12-MASTER VIOLETA 3353 | C41: 0.844 | D41: =INGRESO!X41 -> 0 | E41: =EGRESO!X41 -> 0 | F41: =(C41+D41)-E41 -> 0.844 | H41: =F41-G41 -> 0.844
A42: A13 | B42: A13-MASTER OBISPO 3119 | C42: 1.815 | D42: =INGRESO!X42 -> 0 | E42: =EGRESO!X42 -> 0.15 | F42: =(C42+D42)-E42 -> 1.665 | H42: =F42-G42 -> 1.665
A43: B16 | B43: B6-fucsia | C43: 0.3 | D43: =INGRESO!X43 -> 0 | E43: =EGRESO!X43 -> 0 | F43: =(C43+D43)-E43 -> 0.3 | H43: =F43-G43 -> 0.3
A44: 40 | B44: 40- Polipropileno copolimero kunlun | C44: 25 | D44: =INGRESO!X44 -> 0 | E44: =EGRESO!X44 -> 0 | F44: =(C44+D44)-E44 -> 25 | H44: =F44-G44 -> 25
A45: 41 | B45: 41-polipropileno copolimero sinopec | C45: 25 | D45: =INGRESO!X45 -> 0 | E45: =EGRESO!X45 -> 0 | F45: =(C45+D45)-E45 -> 25 | H45: =F45-G45 -> 25
A46: CODIGO INTERNO | B46: Sobrantes y moliendas | C46: STOCK AL 04/08/2026 | D46: INGRESOS | E46: EGRESOS | F46: STOCK A FECHA 11/08/2026 | G46: FISICO AL 07/08/2026 | H46: DIFERENCIA DE STOCK | I46: AGRGADOS | J46: STOCK MINIMO | K46: STOCK MAXIMO | L46: COMPRAS EN PROCESA | M46: ESTADO | N46: comentarios
A47: 400 | B47: 400-molienda mezcla de pisos(prueba) | C47: 270.18 | D47: =INGRESO!X47 -> 0 | E47: =EGRESO!X47 -> 0 | F47: =(C47+D47)-E47 -> 270.18 | H47: =F47-G47 -> 270.18
A48: 401 | B48: 401- molienda p.rejillas (c-31) | C48: 222.6 | D48: =INGRESO!X48 -> 0 | E48: =EGRESO!X48 -> 0 | F48: =(C48+D48)-E48 -> 222.6 | H48: =F48-G48 -> 222.6
A49: 402 | B49: 402- sobrante polipropileno Copolimero 2630p | C49: 0 | D49: =INGRESO!X49 -> 0 | E49: =EGRESO!X49 -> 0 | F49: =(C49+D49)-E49 -> 0 | H49: =F49-G49 -> 0
A50: 403 | B50: 403- sobrante polipropileno Copolimero 2240p | C50: 0 | D50: =INGRESO!X50 -> 0 | E50: =EGRESO!X50 -> 0 | F50: =(C50+D50)-E50 -> 0 | H50: =F50-G50 -> 0
A51: 404 | B51: 404- sobante plastomer | C51: 0 | D51: =INGRESO!X51 -> 0 | E51: =EGRESO!X51 -> 0 | F51: =(C51+D51)-E51 -> 0 | H51: =F51-G51 -> 0
A52: 405 | B52: 405- sobrante polipropileno homopolimero | C52: 0 | D52: =INGRESO!X52 -> 0 | E52: =EGRESO!X52 -> 0 | F52: =(C52+D52)-E52 -> 0 | H52: =F52-G52 -> 0
A53: 406 | B53: 406-Sobante polipropileno homopolimero esencia | C53: 13 | D53: =INGRESO!X53 -> 0 | E53: =EGRESO!X53 -> 0 | F53: =(C53+D53)-E53 -> 13 | H53: =F53-G53 -> 13
A54: 407 | B54: 407- sobrante homopolimero esencia c M/ AZUL | C54: 10.6 | D54: =INGRESO!X54 -> 0 | E54: =EGRESO!X54 -> 0 | F54: =(C54+D54)-E54 -> 10.6 | H54: =F54-G54 -> 10.6
A55: 408 | B55: 408-sobrante plastomer y copolimero 2630pc c/ gris oscuro nordico | C55: 9.5 | D55: =INGRESO!X55 -> 0 | E55: =EGRESO!X55 -> 0 | F55: =(C55+D55)-E55 -> 9.5 | H55: =F55-G55 -> 9.5
A56: 409 | B56: 409-sobrante compuesto PE AD SN | C56: 0 | D56: =INGRESO!X56 -> 0 | E56: =EGRESO!X56 -> 0 | F56: =(C56+D56)-E56 -> 0 | H56: =F56-G56 -> 0
A57: 410 | B57: 410-Molienda P- ciego c03+c19 | C57: 150.2 | D57: =INGRESO!X57 -> 0 | E57: =EGRESO!X57 -> 0 | F57: =(C57+D57)-E57 -> 150.2 | H57: =F57-G57 -> 150.2

Sheet INGRESO
B2: Stock materia prima agosto 2026
D3: Transferencias de CP a NEXA se marcan con
B4: INGRESOS DE MATERIA PRIMA
B5: CODIGO INTERNO | C5: MATERIAL VIRGEN | D5: 4 | E5: 5 | F5: 6 | G5: 7 | H5: 10 | I5: 11 | J5: 12 | K5: 13 | L5: 14 | M5: 17F | N5: 19 | O5: 19 | P5: 20 | Q5: 21 | R5: 24 | S5: 25 | T5: 26 | U5: 27 | V5: 28 | W5: 31 | X5: Total | Y5: Observaciones
B6: 3 | C6: 3-Polipropileno COPOLIMERO COD:2630PC | E6: 4000 | X6: =SUM(D6:W6) -> 4000
B7: 4 | C7: 04- polipropileno homopolimero | X7: =SUM(D7:W7) -> 0
B8: 6 | C8: 6-Polietileno COD:8818 MEDIA | X8: =SUM(D8:W8) -> 0
B9: 19 | C9: 19- PLASTOMER | X9: =SUM(D9:W9) -> 0
B10: 31 | C10: 31-COPOLIMERO 2240 P | X10: =SUM(D10:W10) -> 0
B11: 38 | C11: 38-compuesto PE AD SN | X11: =SUM(D11:W11) -> 0
B12: 21 | C12: 21-Master Azul | X12: =SUM(D12:W12) -> 0
B13: 24 | C13: 24-Master negro 951 | E13: 50 | X13: =SUM(D13:W13) -> 50
B14: B 1 | C14: B1-Master Gris Oscuro 105808 | E14: 35 | F14: 0.827 | X14: =SUM(D14:W14) -> 35.827 | Y14: diferencia de peso po armada d bolsitas
B15: B 3 | C15: B3-Master Blanco | X15: =SUM(D15:W15) -> 0
B16: B 4 | C16: B4-Master Azul oscuro 100954 | X16: =SUM(D16:W16) -> 0
B17: B 5 | C17: B5- Master Amarillo 114247 | X17: =SUM(D17:W17) -> 0
B18: A5 | C18: A5- Master Amarillo 7228 | H18: 5 | X18: =SUM(D18:W18) -> 5
B19: B 6 | C19: B6- Master Verde 113227 | X19: =SUM(D19:W19) -> 0
B20: B 7 | C20: B7-Master Rojo 100319 | E20: 5 | X20: =SUM(D20:W20) -> 5
B21: B10 | C21: B10-Master Gris Oscuro nor 108900 (gris claro catalogo) | X21: =SUM(D21:W21) -> 0
B22: B11 | C22: B11-Master celeste 112228 | X22: =SUM(D22:W22) -> 0
B23: A9 | C23: A9-Master naranja 7363 | X23: =SUM(D23:W23) -> 0
B24: A14 | C24: A14- Master Yute 4101 | H24: 5 | X24: =SUM(D24:W24) -> 5
B25: A3 | C25: A3-MASTER BLANCO 7500 | X25: =SUM(D25:W25) -> 0
B26: CODIGO INTERNO | C26: Materiales de muestra o alternativos | D26: 4 | E26: 5 | F26: 6 | G26: 7 | H26: 10 | I26: 11 | J26: 12 | K26: 13 | L26: 14 | M26: 17F | N26: 19 | O26: 19 | P26: 20 | Q26: 21 | R26: 24 | S26: 25 | T26: 26 | U26: 27 | V26: 28 | W26: 31 | X26: Total
B27: P 1 | C27: P1-Master Gris Oscuro 991700 | X27: =SUM(D27:W27) -> 0
B28: P 2 | C28: P2 Master Gris Claro 991010 | X28: =SUM(D28:W28) -> 0
B29: P 3 | C29: P3-Master Blanco | X29: =SUM(D29:W29) -> 0
B30: P 4 | C30: P4-Master Azul oscuro 961515 | X30: =SUM(D30:W30) -> 0
B31: P 5 | C31: P5- Master Amarillo1303342 | X31: =SUM(D31:W31) -> 0
B32: P 6 | C32: P6- Master Verde 1704673 | X32: =SUM(D32:W32) -> 0
B33: P 7 | C33: P7-Master Rojo1501925 | X33: =SUM(D33:W33) -> 0
B34: P 8 | C34: P8-Master Azul claro am 068 | X34: =SUM(D34:W34) -> 0
B35: P 9 | C35: P9-Master Naranja 1100406 | X35: =SUM(D35:W35) -> 0
B36: p10 | C36: P10-Master negro991333 | X36: =SUM(D36:W36) -> 0
B37: p11 | C37: P11-Master celeste 961150 | X37: =SUM(D37:W37) -> 0
B38: P15 | C38: P15-master perlado 020 | X38: =SUM(D38:W38) -> 0
B39: A4 | C39: A4- Master Azul 3351 | H39: =25+0.382 -> 25.382 | X39: =SUM(D39:W39) -> 25.382
B40: A6 | C40: A6-Master Verde 4170 | X40: =SUM(D40:W40) -> 0
B41: A12 | C41: A12-MASTER VIOLETA 3353 | X41: =SUM(D41:W41) -> 0
B42: A13 | C42: A13-MASTER OBISPO 3119 | X42: =SUM(D42:W42) -> 0
B43: B16 | C43: B6-fucsia | X43: =SUM(D43:W43) -> 0
B44: 40 | C44: 40- Polipropileno copolimero kunlun | X44: =SUM(D44:W44) -> 0
B45: 41 | C45: 41-polipropileno copolimero sinopec | X45: =SUM(D45:W45) -> 0
B46: CODIGO INTERNO | C46: Sobrantes y moliendas | D46: 4 | E46: 5 | F46: 6 | G46: 7 | H46: 10 | I46: 11 | J46: 12 | K46: 13 | L46: 14 | M46: 17F | N46: 19 | O46: 19 | P46: 20 | Q46: 21 | R46: 24 | S46: 25 | T46: 26 | U46: 27 | V46: 28 | W46: 31 | X46: Total
B47: 400 | C47: 400-molienda mezcla de pisos(prueba) | X47: =SUM(D47:W47) -> 0
B48: 401 | C48: 401- molienda p.rejillas (c-31) | X48: =SUM(D48:W48) -> 0
B49: 402 | C49: 402- sobrante polipropileno Copolimero 2630p | X49: =SUM(D49:W49) -> 0
B50: 403 | C50: 403- sobrante polipropileno Copolimero 2240p | X50: =SUM(D50:W50) -> 0
B51: 404 | C51: 404- sobante plastomer | X51: =SUM(D51:W51) -> 0
B52: 405 | C52: 405- sobrante polipropileno homopolimero | X52: =SUM(D52:W52) -> 0
B53: 406 | C53: 406-Sobante polipropileno homopolimero esencia | X53: =SUM(D53:W53) -> 0
B54: 407 | C54: 407- sobrante homopolimero esencia c M/ AZUL | X54: =SUM(D54:W54) -> 0
B55: 408 | C55: 408-sobrante plastomer y copolimero 2630pc c/ gris oscuro nordico | X55: =SUM(D55:W55) -> 0
B56: 409 | C56: 409-sobrante compuesto PE AD SN | X56: =SUM(D56:W56) -> 0
B57: 410 | C57: 410-Molienda P- ciego c03+c19 | X57: =SUM(D57:W57) -> 0

Sheet BOLSONES
B13: 115-Molienda Polipropieleno de primera
B14: lote | C14: fecha | D14: canasto N° | E14: Peso inicial | F14: Entradas | G14: Salidas | H14: sub total | I14: sub totales | J14: TOTAL | K14: estado
B15: 1 | J15: 257.6 | K15: cerrado
B16: 2 | J16: 488.305 | K16: cerrado
B17: 3 | J17: 370.4 | K17: cerrado
B18: 4 | J18: 468 | K18: cerrado
B19: 5 | J19: 746.2 | K19: cerrado
B20: 6 | J20: 314 | K20: cerrado
B21: 7 | J21: 221 | K21: cerrado
B22: 8 | J22: 297.84 | K22: cerrado
B23: 9 | J23: 316 | K23: cerrado
B24: 10 | E24: 142.355 | J24: =I24 -> 0
C25: 45834 | D25: 27
C26: 45834 | D26: 26.245
C27: 45834 | D27: 27.4
C28: 45834 | D28: 27.92
C33: subtotales | D33: =SUM(D25:D32) -> 108.565 | E33: =SUM(E24:E32) -> 142.355 | G33: =SUM(G24:G32) -> 0 | J33: =SUM(J15:J32) -> 3479.345
H34: total | J34: =J33+D33+E33-G33 -> 3730.265
B38: Bolson
B39: 124- Molienda Acetal de primera
B40: Bolson N°1 | E40: fecha | F40: Peso inicial | G40: Entradas | H40: Salidas | I40: total | J40: fecha | K40: bolsa | L40: canasto
B41: BOLSON 8 | E41: 45817 | F41: 569.4 | I41: =(F41+G41)-H41 -> 569.4
I42: =(F42+G42)-H42 -> 0
I43: =(F43+G43)-H43 -> 0
I44: =(F44+G44)-H44 -> 0
I45: =(F45+G45)-H45 -> 0
I46: =(F46+G46)-H46 -> 0
I47: =(F47+G47)-H47 -> 0
I48: =(F48+G48)-H48 -> 0
I49: =(F49+G49)-H49 -> 0
I50: =(F50+G50)-H50 -> 0
I51: =(F51+G51)-H51 -> 0
I52: =(F52+G52)-H52 -> 0
I53: =(F53+G53)-H53 -> 0
... I55: =(F55+G55)-H55 -> 0
G56: =SUM(G41:G55) -> 0 | H56: =SUM(H41:H55) -> 0 | I56: =(F56+G56)-H56 -> 0
F57: total | I57: =SUM(I41:I56)+K57+L57 -> 569.4 | K57: =SUM(K41:K56) -> 0 | L57: =SUM(L41:L56) -> 0
B59: Bolson
B60: 5-Poliprolipeno C/ carga ALL 816-1 o 512
B61: Bolson N° | F61: Peso inicial | G61: Entradas | H61: Salidas | I61: total | J61: fecha | K61: bolsa | L61: canasto
B62: 1 | F62: 459.2 | I62: =(F62+G62)-H62 -> 459.2 | J62: 45817 | K62: 17.2
J63: 45818 | K63: 18.8
J64: 45819 | K64: 17.6
G77: =SUM(G62:G76) -> 0 | H77: =SUM(H62:H76) -> 0
H78: total bolson | I78: =I62+G77-H77 -> 459.2 | K78: =SUM(K62:K77) -> 53.6 | L78: =SUM(L62:L77) -> 0
H79: total final | I79: =I78+K78+L78 -> 512.8
B83: Bolson
B84: 123-Molienda acetal negro
B85: Bolson N° | F85: Peso inicial | G85: Entradas | H85: Salidas | I85: total | J85: fecha | K85: bolsa | L85: canasto
B86: 1 | F86: 606.6 | I86: =(F86+G86)-H86 -> 606.6
G101: =SUM(G86:G100) -> 0 | H101: =SUM(H86:H100) -> 0
H102: total bolson | I102: =I86+G101-H101 -> 606.6 | K102: =SUM(K86:K101) -> 0 | L102: =SUM(L86:L101) -> 0
H103: total final | I103: =I102+K102+L102 -> 606.6
B108: Bolson
B109: M157 MOLIENDA PVC CONTAMINADO
B110: Bolson N° | F110: Peso inicial | G110: Entradas | H110: Salidas | I110: total | J110: fecha | K110: bolsa | L110: canasto
B111: 1 | F111: 510.4 | I111: =(F111+G111)-H111 -> 510.4
G126: =SUM(G111:G125) -> 0 | H126: =SUM(H111:H125) -> 0
H127: total bolson | I127: =I111+G126-H126 -> 510.4 | K127: =SUM(K111:K126) -> 0 | L127: =SUM(L111:L126) -> 0
H128: total final | I128: =I127+K127+L127 -> 510.4
B132: Bolson
B133: 116-Molienda Polipropieleno de segunda
B134: Bolson N° | F134: Peso inicial | G134: Entradas | H134: Salidas | I134: total | J134: fecha | K134: bolsa | L134: canasto
B135: 1 | F135: 166 | I135: =(F135+G135)-H135 -> 166
G150: =SUM(G135:G149) -> 0 | H150: =SUM(H135:H149) -> 0
H151: total bolson | I151: =I135+G150-H150 -> 166 | K151: =SUM(K135:K150) -> 0 | L151: =SUM(L135:L150) -> 0
H152: total final | I152: =I151+K151+L151 -> 166
B156: Bolson
B157: M141-Molienda santoprene 101-64
B158: Bolson N° | F158: Peso inicial | G158: Entradas | H158: Salidas | I158: total | J158: fecha | K158: bolsa | L158: canasto
B159: 1 | F159: 512.4 | I159: =(F159+G159)-H159 -> 512.4 | K159: 5.6
K160: 16
K161: 8.4
K162: 6.4
K163: 14.4
K164: 16.8
G174: =SUM(G159:G173) -> 0 | H174: =SUM(H159:H173) -> 0
H175: total bolson | I175: =I159+G174-H174 -> 512.4 | K175: =SUM(K159:K174) -> 67.6 | L175: =SUM(L159:L174) -> 0
H176: total final | I176: =I175+K175+L175 -> 580
B180: Bolson
B181: 301-Purga de inyectado
B182: Bolson N° | F182: Peso inicial | G182: Entradas | H182: Salidas | I182: total | J182: fecha | K182: bolsa | L182: canasto
B183: 1 | F183: 285.2 | I183: =(F183+G183)-H183 -> 285.2
G198: =SUM(G183:G197) -> 0 | H198: =SUM(H183:H197) -> 0
H199: total bolson | I199: =I183+G198-H198 -> 285.2 | K199: =SUM(K183:K198) -> 0 | L199: =SUM(L183:L198) -> 0
H200: total final | I200: =I199+K199+L199 -> 285.2
B203: Bolson
B204: 300-DESCARTE Y MOLIENDA DE VALVULAS
B205: Bolson N° | F205: Peso inicial | G205: Entradas | H205: Salidas | I205: total | J205: fecha | K205: bolsa | L205: canasto
B206: 1 | F206: 306.6 | I206: =(F206+G206)-H206 -> 306.6
G221: =SUM(G206:G220) -> 0 | H221: =SUM(H206:H220) -> 0
H222: total bolson | I222: =I206+G221-H221 -> 306.6 | K222: =SUM(K206:K221) -> 0 | L222: =SUM(L206:L221) -> 0
H223: total final | I223: =I222+K222+L222 -> 306.6
B227: Bolson
B228: M169 molienda santoprene 80 (101+201)
B229: Bolson N° | F229: Peso inicial | G229: Entradas | H229: Salidas | I229: total | J229: fecha | K229: bolsa | L229: canasto
B230: 1 | F230: 201 | I230: =(F230+G230)-H230 -> 201
G245: =SUM(G230:G244) -> 0 | H245: =SUM(H230:H244) -> 0
H246: total bolson | I246: =I230+G245-H245 -> 201 | K246: =SUM(K230:K245) -> 0 | L246: =SUM(L230:L245) -> 0
H247: total final | I247: =I246+K246+L246 -> 201

Sheet EGRESO
B2: 46235 | O2: transferencias de Nexa a CP se marcan con
B4: EGRESOS DE MATERIA PRIMA
B5: CODIGO INTERNO | C5: MATERIAL VIRGEN | D5: 4 | E5: 5 | F5: 6 | G5: 7 | H5: 10 | I5: 11 | J5: 12 | K5: 13 | L5: 14 | M5: 17F | N5: 19 | O5: 19 | P5: 20 | Q5: 21 | R5: 24 | S5: 25 | T5: 26 | U5: 27 | V5: 28 | W5: 31 | X5: Total | Y5: Observaciones
B6: 3 | C6: 3-Polipropileno COPOLIMERO COD:2630PC | X6: =SUM(D6:W6) -> 0
B7: 4 | C7: 04- polipropileno homopolimero | X7: =SUM(D7:W7) -> 0
B8: 6 | C8: 6-Polietileno COD:8818 MEDIA | X8: =SUM(D8:W8) -> 0
B9: 19 | C9: 19- PLASTOMER | X9: =SUM(D9:W9) -> 0
B10: 31 | C10: 31-COPOLIMERO 2240 P | D10: 500 | F10: 300 | G10: 300 | H10: 2200 | X10: =SUM(D10:W10) -> 3300
B11: 38 | C11: 38-compuesto PE AD SN | X11: =SUM(D11:W11) -> 0
B12: 21 | C12: 21-Master Azul | X12: =SUM(D12:W12) -> 0
B13: 24 | C13: 24-Master negro 951 | X13: =SUM(D13:W13) -> 0
B14: B 1 | C14: B1-Master Gris Oscuro 105808 | D14: 7.5 | F14: 3.9 | X14: =SUM(D14:W14) -> 11.4
B15: B 3 | C15: B3-Master Blanco | X15: =SUM(D15:W15) -> 0
B16: B 4 | C16: B4-Master Azul oscuro 100954 | X16: =SUM(D16:W16) -> 0
B17: B 5 | C17: B5- Master Amarillo 114247 | X17: =SUM(D17:W17) -> 0
B18: A5 | C18: A5- Master Amarillo 7228 | X18: =SUM(D18:W18) -> 0
B19: B 6 | C19: B6- Master Verde 113227 | X19: =SUM(D19:W19) -> 0
B20: B 7 | C20: B7-Master Rojo 100319 | X20: =SUM(D20:W20) -> 0
B21: B10 | C21: B10-Master Gris Oscuro nor 108900 (gris claro catalogo) | X21: =SUM(D21:W21) -> 0
B22: B11 | C22: B11-Master celeste 112228 | I22: 2.7 | X22: =SUM(D22:W22) -> 2.7
B23: A9 | C23: A9-Master naranja 7363 | X23: =SUM(D23:W23) -> 0
B24: A14 | C24: A14- Master Yute 4101 | X24: =SUM(D24:W24) -> 0
B25: A3 | C25: A3-MASTER BLANCO 7500 | X25: =SUM(D25:W25) -> 0
B26: CODIGO INTERNO | C26: Materiales de muestra o alternativos | D26: 4 | E26: 5 | F26: 6 | G26: 7 | H26: 10 | I26: 11 | J26: 12 | K26: 13 | L26: 14 | M26: 17F | N26: 19 | O26: 19 | P26: 20 | Q26: 21 | R26: 24 | S26: 25 | T26: 26 | U26: 27 | V26: 28 | W26: 31 | X26: Total
B27: P 1 | C27: P1-Master Gris Oscuro 991700 | X27: =SUM(D27:W27) -> 0
B28: P 2 | C28: P2 Master Gris Claro 991010 | X28: =SUM(D28:W28) -> 0
B29: P 3 | C29: P3-Master Blanco | X29: =SUM(D29:W29) -> 0
B30: P 4 | C30: P4-Master Azul oscuro 961515 | X30: =SUM(D30:W30) -> 0
B31: P 5 | C31: P5- Master Amarillo1303342 | X31: =SUM(D31:W31) -> 0
B32: P 6 | C32: P6- Master Verde 1704673 | X32: =SUM(D32:W32) -> 0
B33: P 7 | C33: P7-Master Rojo1501925 | X33: =SUM(D33:W33) -> 0
B34: P 8 | C34: P8-Master Azul claro am 068 | X34: =SUM(D34:W34) -> 0
B35: P 9 | C35: P9-Master Naranja 1100406 | X35: =SUM(D35:W35) -> 0
B36: p10 | C36: P10-Master negro991333 | X36: =SUM(D36:W36) -> 0
B37: p11 | C37: P11-Master celeste 961150 | X37: =SUM(D37:W37) -> 0
B38: P15 | C38: P15-master perlado 020 | X38: =SUM(D38:W38) -> 0
B39: A4 | C39: A4- Master Azul 3351 | G39: 4.8 | H39: 4.2 | I39: 6.75 | X39: =SUM(D39:W39) -> 15.75
B40: A6 | C40: A6-Master Verde 4170 | X40: =SUM(D40:W40) -> 0
B41: A12 | C41: A12-MASTER VIOLETA 3353 | X41: =SUM(D41:W41) -> 0
B42: A13 | C42: A13-MASTER OBISPO 3119 | D42: 0.15 | X42: =SUM(D42:W42) -> 0.15
B43: B16 | C43: B6-fucsia | X43: =SUM(D43:W43) -> 0
B44: 40 | C44: 40- Polipropileno copolimero kunlun | X44: =SUM(D44:W44) -> 0
B45: 41 | C45: 41-polipropileno copolimero sinopec | X45: =SUM(D45:W45) -> 0
B46: CODIGO INTERNO | C46: Sobrantes y moliendas | D46: 4 | E46: 5 | F46: 6 | G46: 7 | H46: 10 | I46: 11 | J46: 12 | K46: 13 | L46: 14 | M46: 17F | N46: 19 | O46: 19 | P46: 20 | Q46: 21 | R46: 24 | S46: 25 | T46: 26 | U46: 27 | V46: 28 | W46: 31 | X46: Total
B47: 400 | C47: 400-molienda mezcla de pisos(prueba) | X47: =SUM(D47:W47) -> 0
B48: 401 | C48: 401- molienda p.rejillas (c-31) | X48: =SUM(D48:W48) -> 0
B49: 402 | C49: 402- sobrante polipropileno Copolimero 2630p | X49: =SUM(D49:W49) -> 0
B50: 403 | C50: 403- sobrante polipropileno Copolimero 2240p | X50: =SUM(D50:W50) -> 0
B51: 404 | C51: 404- sobante plastomer | X51: =SUM(D51:W51) -> 0
B52: 405 | C52: 405- sobrante polipropileno homopolimero | X52: =SUM(D52:W52) -> 0
B53: 406 | C53: 406-Sobante polipropileno homopolimero esencia | X53: =SUM(D53:W53) -> 0
B54: 407 | C54: 407- sobrante homopolimero esencia c M/ AZUL | X54: =SUM(D54:W54) -> 0
B55: 408 | C55: 408-sobrante plastomer y copolimero 2630pc c/ gris oscuro nordico | X55: =SUM(D55:W55) -> 0
B56: 409 | C56: 409-sobrante compuesto PE AD SN | X56: =SUM(D56:W56) -> 0
B57: 410 | C57: 410-Molienda P- ciego c03+c19 | X57: =SUM(D57:W57) -> 0

Sheet MASTER  
B3: B1-Master Gris Oscuro 105808 | I3: SOBRANTE X DIFERENCIA DE BALANSA | K3: 46238
B4: fecha | C4: cantidad armada B | D4: peso bolsa al 21/3/2025 | E4: peso por bolsa | F4: cantidad entregada por día | G4: peso | K4: CUADRO DE MASTERS NORMALIZADOS PARA EL CATALOGO (Proveedor y codigo )
B5: bolsa entera | C5: si | G5: =F5*0.08 -> 0 | H5: =G5*D5 -> 0 | K5: COLORES Y PROVEEDORES ELEJIDOS
B6: bolsa abierta | G6: =F6*0.08 -> 0 | H6: =G6*D6 -> 0 | K6: Negro | L6: BERMA | M6: 24B-Master negro 951
B7: 46240 | C7: 221 | D7: 0.15 | E7: =C7*D7 -> 33.15 | G7: =F7*0.08 -> 0 | H7: =G7*D7 -> 0 | L7: BERMA | M7: B1-Master Gris Oscuro 105808
C8: 1 | D8: 0.02 | E8: =C8*D8 -> 0.02 | G8: =F8*0.15 -> 0 | H8: =G8*D8 -> 0 | L8: BERMA | M8: B10-Master Gris Claro (gris Oscuro nordico 108900)
D9: 0.15 | E9: =C9*D9 -> 0 | G9: =F9*0.15 -> 0 | H9: =G9*D9 -> 0 | L9: ARCOLOR | M9: A3- Master blanco 7500
D10: 0.15 | E10: =C10*D10 -> 0 | G10: =F10*0.15 -> 0 | H10: =G10*D10 -> 0 | L10: BERMA | M10: B11-Master celeste 112228
D11: 0.05 | E11: =C11*D11 -> 0 | G11: =F11*0.15 -> 0 | H11: =G11*D11 -> 0 | L11: BERMA | M11: 21B-Master Azul
D12: 0.15 | E12: =C12*D12 -> 0 | G12: =F12*0.15 -> 0 | H12: =G12*D12 -> 0 | L12: ARCOLOR | M12: A4- Master Azul 3351
D13: 0.15 | E13: =C13*D13 -> 0 | G13: =F13*0.15 -> 0 | H13: =G13*D13 -> 0 | L13: ARCOLOR | M13: A5Master amarillo 7228
D14: 0.15 | E14: =C14*D14 -> 0 | G14: =F14*0.15 -> 0 | H14: =G14*D14 -> 0 | L14: BERMA | M14: B6- Master Verde 113227
D15: 0.15 | E15: =C15*D15 -> 0 | G15: =F15*0.15 -> 0 | H15: =G15*D15 -> 0 | L15: ARCOLOR V-O | M15: A6-Master Verde 4170
D16: 0.15 | E16: =C16*D16 -> 0 | G16: =F16*0.15 -> 0 | H16: =G16*D16 -> 0 | L16: BERMA | M16: B7-Master Rojo 100319
D17: 0.15 | E17: =C17*D17 -> 0 | G17: =F17*0.15 -> 0 | H17: =G17*D17 -> 0 | L17: YUTE | M17: A14- Master Yute 4101
D18: 0.15 | E18: =C18*D18 -> 0 | G18: =F18*0.15 -> 0 | H18: =G18*D18 -> 0 | L18: ARCOLOR | M18: A9-Master naranja 7363
D19: 0.15 | E19: =C19*D19 -> 0 | G19: =F19*0.15 -> 0 | H19: =G19*D19 -> 0
D20: 0.15 | E20: =C20*D20 -> 0 | G20: =F20*0.08 -> 0 | H20: =G20*D20 -> 0
D21: 0.15 | E21: =C21*D21 -> 0 | G21: =F21*0.08 -> 0 | H21: =G21*D21 -> 0
D22: 0.15 | E22: =C22*D22 -> 0 | G22: =F22*0.08 -> 0 | H22: =G22*D22 -> 0
D23: 0.15 | E23: =C23*D23 -> 0 | G23: =F23*0.08 -> 0 | H23: =G23*D23 -> 0
D24: 0.15 | E24: =C24*D24 -> 0 | G24: =F24*0.08 -> 0 | H24: =G24*D24 -> 0
D25: 0.15 | E25: =C25*D25 -> 0 | G25: =F25*0.08 -> 0 | H25: =G25*D25 -> 0
D26: 0.15 | E26: =C26*D26 -> 0 | G26: =F26*0.08 -> 0 | H26: =G26*D26 -> 0
C27: =SUM(C7:C26) -> 222 | D27: 0.15 | E27: =SUM(E7:E26) -> 33.17 | F27: =SUM(F5:F26) -> 0 | G27: =SUM(G5:G26) -> 0 | H27: =G27*D27 -> 0
E28: bolsas en stock | F28: =C27-F27 -> 222 | G28: Kg en stock | H28: =SUM(E6+E27-G27) -> 33.17
B31: B3-Master Blanco
B32: fecha | C32: cantidad armada B | D32: peso bolsa al 21/3/2025 | E32: peso por bolsa | F32: cantidad entregada por día | G32: peso
B33: bolsa abierta | G33: =F33*0.08 -> 0 | H33: =G33*D33 -> 0
D34: 0.15 | E34: 0 | G34: =F34*0.08 -> 0 | H34: =G34*D34 -> 0
D35: 0.15 | E35: =C35*D35 -> 0 | G35: =F35*0.08 -> 0 | H35: =G35*D35 -> 0
D36: 0.15 | E36: =C36*D36 -> 0 | G36: =F36*0.08 -> 0 | H36: =G36*D36 -> 0
D37: 0.15 | E37: =C37*D37 -> 0 | G37: =F37*0.08 -> 0 | H37: =G37*D37 -> 0
D38: 0.15 | E38: =C38*D38 -> 0 | G38: =F38*0.08 -> 0 | H38: =G38*D38 -> 0
D39: 0.15 | E39: =C39*D39 -> 0 | G39: =F39*0.08 -> 0 | H39: =G39*D39 -> 0
D40: 0.15 | E40: =C40*D40 -> 0 | G40: =F40*0.1 -> 0 | H40: =G40*D40 -> 0
D41: 0.15 | E41: =C41*D41 -> 0 | G41: =F41*0.08 -> 0 | H41: =G41*D41 -> 0
D42: 0.15 | E42: =C42*D42 -> 0 | G42: =F42*0.1 -> 0 | H42: =G42*D42 -> 0
D43: 0.15 | E43: =C43*D43 -> 0 | G43: =F43*0.1 -> 0 | H43: =G43*D43 -> 0
D44: 0.15 | E44: =C44*D44 -> 0 | G44: =F44*0.08 -> 0 | H44: =G44*D44 -> 0
D45: 0.15 | E45: =C45*D45 -> 0 | G45: =F45*0.08 -> 0 | H45: =G45*D45 -> 0
D46: 0.15 | E46: =C46*D46 -> 0 | G46: =F46*0.1 -> 0 | H46: =G46*D46 -> 0
D47: 0.15 | E47: =C47*D47 -> 0 | G47: =F47*0.08 -> 0 | H47: =G47*D47 -> 0
D48: 0.15 | E48: =C48*D48 -> 0 | G48: =F48*D48 -> 0 | H48: =G48*D48 -> 0
D49: 0.15 | E49: =C49*D49 -> 0 | G49: =F49*D49 -> 0 | H49: =G49*D49 -> 0
C50: =SUM(C35:C49) -> 0 | E50: =SUM(E35:E49) -> 0 | F50: =SUM(F33:F49) -> 0 | G50: =SUM(G33:G49) -> 0 | H50: =G50*D50 -> 0
E51: bolsas en stock | F51: =C50-F50 -> 0 | G51: Kg en stock | H51: =(E33+E34+E50)-G50 -> 0
B55: B4-Master Azul oscuro 100954
B56: fecha | C56: cantidad armada B | D56: peso bolsa al 21/3/2025 | E56: peso por bolsa | F56: cantidad entregada por día | G56: peso
B57: bolsa entera | G57: =F57*0.08 -> 0 | H57: =G57*D57 -> 0
B58: bolsa abierta | E58: 0 | G58: =F58*0.08 -> 0 | H58: =G58*D58 -> 0
B59: 46209 | C59: 29 | D59: 0.15 | E59: =C59*D59 -> 4.35 | G59: =F59*0.08 -> 0 | H59: =G59*D59 -> 0
C60: 1 | D60: 0.109 | E60: =C60*D60 -> 0.109 | G60: =F60*0.08 -> 0 | H60: =G60*D60 -> 0
D61: 0.08 | E61: =C61*D61 -> 0 | G61: =F61*0.08 -> 0 | H61: =G61*D61 -> 0
D62: 0.08 | E62: =C62*D62 -> 0 | G62: =F62*0.08 -> 0 | H62: =G62*D62 -> 0
D63: 0.08 | E63: =C63*D63 -> 0 | G63: =F63*0.08 -> 0 | H63: =G63*D63 -> 0
D64: 0.08 | E64: =C64*D64 -> 0 | G64: =F64*0.08 -> 0 | H64: =G64*D64 -> 0
D65: 0.08 | E65: =C65*D65 -> 0 | G65: =F65*0.08 -> 0 | H65: =G65*D65 -> 0
D66: 0.08 | E66: =C66*D66 -> 0 | G66: =F66*0.08 -> 0 | H66: =G66*D66 -> 0
D67: 0.08 | E67: =C67*D67 -> 0 | G67: =F67*0.08 -> 0 | H67: =G67*D67 -> 0
D68: 0.08 | E68: =C68*D68 -> 0 | G68: =F68*0.08 -> 0 | H68: =G68*D68 -> 0
D69: 0.08 | E69: =C69*D69 -> 0 | G69: =F69*0.08 -> 0 | H69: =G69*D69 -> 0
D70: 0.08 | E70: =C70*D70 -> 0 | G70: =F70*D70 -> 0 | H70: =G70*D70 -> 0
D71: 0.08 | E71: =C71*D71 -> 0 | G71: =F71*D71 -> 0 | H71: =G71*D71 -> 0
C72: =SUM(C59:C71) -> 30 | D72: 0.08 | E72: =SUM(E59:E71) -> 4.459 | F72: =SUM(F57:F71) -> 0 | G72: =F72*D72 -> 0 | H72: =G72*D72 -> 0
E73: bolsas en stock | F73: =C72-F72 -> 30 | G73: Kg en stock | H73: =(E57+E58+E72)-G72 -> 4.459
B76: B5- Master Amarillo 114247
B77: fecha | C77: cantidad armada B | D77: peso bolsa al 21/3/2025 | E77: peso por bolsa | F77: cantidad entregada por día | G77: peso
B78: bolsa entera | C78: 0 | E78: 0 | G78: =F78*0.08 -> 0 | H78: =G78*D78 -> 0
B79: bolsa abierta | C79: 0 | E79: 0 | G79: =F79*0.08 -> 0 | H79: =G79*D79 -> 0
B80: 46237 | C80: 18 | D80: 0.15 | E80: =D80*C80 -> 2.7 | G80: =F80*0.08 -> 0 | H80: =G80*D80 -> 0
E81: =C81*D81 -> 0 | G81: =F81*0.08 -> 0 | H81: =G81*D81 -> 0
D82: 0.15 | E82: =C82*D82 -> 0 | G82: =F82*0.146 -> 0 | H82: =G82*D82 -> 0
D83: 0.075 | E83: =C83*D83 -> 0 | G83: =F83*0.08 -> 0 | H83: =G83*D83 -> 0
D84: 0.15 | E84: =C84*D84 -> 0 | G84: =F84*0.08 -> 0 | H84: =G84*D84 -> 0
D85: 0.15 | E85: =C85*D85 -> 0 | G85: =F85*0.08 -> 0 | H85: =G85*D85 -> 0
D86: 0.15 | E86: =C86*D86 -> 0 | G86: =F86*0.08 -> 0 | H86: =G86*D86 -> 0
D87: 0.15 | E87: =C87*D87 -> 0 | G87: =F87*0.08 -> 0 | H87: =G87*D87 -> 0
D88: 0.15 | E88: =C88*D88 -> 0 | G88: =F88*0.08 -> 0 | H88: =G88*D88 -> 0
D89: 0.15 | E89: =C89*D89 -> 0 | G89: =F89*0.08 -> 0 | H89: =G89*D89 -> 0
D90: 0.15 | E90: =C90*D90 -> 0 | G90: =F90*0.08 -> 0 | H90: =G90*D90 -> 0
D91: 0.15 | E91: =C91*D91 -> 0 | G91: =F91*D91 -> 0 | H91: =G91*D91 -> 0
D92: 0.15 | E92: =C92*D92 -> 0 | G92: =F92*D92 -> 0 | H92: =G92*D92 -> 0
C93: =SUM(C80:C92) -> 18 | D93: 0.15 | E93: =SUM(E80:E92) -> 2.7 | F93: =SUM(F78:F92) -> 0 | G93: =SUM(G78:G92) -> 0 | H93: =G93*D93 -> 0
E94: bolsas en stock | F94: =C93-F93 -> 18 | G94: Kg en stock | H94: =(E78+E79+E93)-G93 -> 2.7
B97: B6- Master Verde 113227
B98: fecha | C98: cantidad armada B | D98: peso bolsa al 21/3/2025 | E98: peso por bolsa | F98: cantidad entregada por día | G98: peso
B99: bolsa entera | C99: 0 | E99: 0 | G99: =F99*0.08 -> 0 | H99: =G99*D99 -> 0
B100: bolsa abierta | E100: 0 | G100: =F100*0.08 -> 0 | H100: =G100*D100 -> 0
B101: 46224 | C101: 21 | D101: 0.15 | E101: =C101*D101 -> 3.15 | G101: =F101*0.08 -> 0 | H101: =G101*D101 -> 0
C102: 1 | D102: 0.075 | E102: =C102*D102 -> 0.075 | G102: =F102*0.08 -> 0 | H102: =G102*D102 -> 0
C103: 1 | D103: 0.021 | E103: =C103*D103 -> 0.021 | G103: 0.15 | H103: =G103*D103 -> 0.00315
D104: 0.075 | E104: =C104*D104 -> 0 | G104: =F104*0.08 -> 0 | H104: =G104*D104 -> 0
B105: 46232 | D105: 0.15 | E105: =C105*D105 -> 0 | F105: 5 | G105: =F105*0.15 -> 0.75 | H105: =G105*D105 -> 0.1125
D106: 0.15 | E106: =C106*D106 -> 0 | G106: =F106*0.08 -> 0 | H106: =G106*D106 -> 0
D107: 0.15 | E107: =C107*D107 -> 0 | G107: =F107*0.08 -> 0 | H107: =G107*D107 -> 0
D108: 0.15 | E108: =C108*D108 -> 0 | G108: =F108*0.08 -> 0 | H108: =G108*D108 -> 0
D109: 0.15 | E109: =C109*D109 -> 0 | G109: =F109*0.08 -> 0 | H109: =G109*D109 -> 0
D110: 0.15 | E110: =C110*D110 -> 0 | G110: =F110*0.08 -> 0 | H110: =G110*D110 -> 0
D111: 0.15 | E111: =C111*D111 -> 0 | G111: =F111*0.08 -> 0 | H111: =G111*D111 -> 0
...

Sheet BOLSONES 
B3: Canasto o bolsa | E3: 400- molienda de pisos (prueba)
B4: fecha | C4: tipo y n° | D4: peso | E4: lote | F4: fecha | G4: canasto N° | H4: Peso inicial | I4: Entradas | J4: Salidas | K4: TOTAL | L4: estado
F5: 46150 | K5: 270.18 | L5: abierto
B10: TOTAL BOSAS Y CANASTOS | D10: =SUM(D5:D9) -> 0 | G10: subtotales | H10: =SUM(H5:H9) -> 0 | I10: =SUM(I5:I9) -> 0 | J10: =SUM(J5:J9) -> 0 | K10: =SUM(K5:K9) -> 270.18
F11: PESO TOTAL BOLSON MAS CANASTOS | K11: =K10+D10 -> 270.18
B16: Canasto o bolsa | E16: 401- molienda p.rejillas (c-31)
B17: fecha | C17: tipo y n° | D17: peso | E17: lote | F17: fecha | G17: canasto N° | H17: Peso inicial | I17: Entradas | J17: Salidas | K17: TOTAL | L17: estado
F18: 46155 | H18: 47.2 | K18: 47.2 | L18: abierto
F19: 46226 | I19: 175.4
B23: TOTAL BOSAS Y CANASTOS | D23: =SUM(D18:D22) -> 0 | G23: subtotales | H23: =SUM(H18:H22) -> 47.2 | I23: =SUM(I18:I22) -> 175.4 | J23: =SUM(J18:J22) -> 0 | K23: =SUM(K18:K22) -> 47.2
F24: PESO TOTAL BOLSON MAS CANASTOS | K24: =SUM(I23+H18-J23) -> 222.6
B29: Canasto o bolsa | E29: 410-Molienda P- ciego c03+c19
B30: fecha | C30: tipo y n° | D30: peso | E30: lote | F30: fecha | G30: canasto N° | H30: Peso inicial | I30: Entradas | J30: Salidas | K30: TOTAL | L30: estado
B31: 46231 | C31: tacho | D31: 15.6
C32: tacho | D32: 19.2
C33: tacho | D33: 18.4
C34: tacho | D34: 19.2
C35: tacho | D35: 8.6
C36: tacho | D36: 16.2
C37: tacho | D37: 13.8
C38: tacho | D38: 15.2
C39: tacho | D39: 11.6
C40: tacho | D40: 12.4
B41: TOTAL BOSAS Y CANASTOS | D41: =SUM(D31:D40) -> 150.2 | G41: subtotales | H41: =SUM(H31:H40) -> 0 | I41: =SUM(I31:I40) -> 0 | J41: =SUM(J31:J40) -> 0 | K41: =SUM(K31:K40) -> 0
F42: PESO TOTAL BOLSON MAS CANASTOS | K42: =K41+D41 -> 150.2

Sheet borrador 
B4: Canasto o bolsa | E4: 115-Molienda Polipropieleno de primera
B5: fecha | C5: tipo y n° | D5: peso | E5: lote | F5: fecha | G5: canasto N° | H5: Peso inicial | I5: Entradas | J5: Salidas | K5: TOTAL | L5: estado
E6: 1 | K6: 257.6 | L6: cerrado
E7: 2 | K7: 488.305 | L7: cerrado
E8: 3 | K8: 370.4 | L8: cerrado
E9: 4 | K9: 468 | L9: cerrado
E10: 5 | K10: 746.2 | L10: cerrado
E11: 6 | K11: 314 | L11: cerrado
E12: 7 | K12: 221 | L12: cerrado
E13: 8 | K13: 297.84 | L13: cerrado
E14: 9 | K14: 316 | L14: cerrado
E15: 10 | H15: 194.895 | K15: =H15+I24-J24 -> 194.895
B24: TOTAL BOSAS Y CANASTOS | D24: =SUM(D6:D23) -> 0 | G24: subtotales | H24: =SUM(H15:H23) -> 194.895 | I24: =SUM(I6:I23) -> 0 | J24: =SUM(J15:J23) -> 0 | K24: =SUM(K6:K23) -> 3674.24
F25: PESO TOTAL BOLSON MAS CANASTOS | K25: =K24+D24 -> 3674.24 | M25: 3676.345
B29: Canasto o bolsa | E29: 124- Molienda Acetal de primera
B30: fecha | C30: tipo y n° | D30: peso | E30: lote | F30: fecha | G30: canasto N° | H30: Peso inicial | I30: Entradas | J30: Salidas | K30: TOTAL bolsones | L30: estado
E31: BOLSON 8 | F31: 45817 | H31: 754.625 | K31: =H31+I41-J41 -> 754.625
B32: 45959 | C32: b | D32: 18.4
C33: b | D33: 22.2
B41: TOTAL BOSAS Y CANASTOS | D41: =SUM(D31:D40) -> 40.6 | G41: subtotales | H41: =SUM(H31:H40) -> 754.625 | I41: =SUM(I31:I40) -> 0 | J41: =SUM(J31:J40) -> 0 | K41: =SUM(K31:K40) -> 754.625
F42: PESO TOTAL BOLSON MAS CANASTOS | K42: =K41+D41 -> 795.225
B44: Canasto o bolsa | E44: 117-Molienda Polipropileno con Fibra
B45: fecha | C45: tipo y n° | D45: peso | E45: lote o bolson | F45: fecha | G45: canasto N° | H45: Peso inicial | I45: Entradas | J45: Salidas | K45: PESO BOLSON | L45: estado
C46: c | D46: 16.315 | E46: 1 | H46: 405.6 | K46: =H46+I56-J56 -> 459.2
C47: c | D47: 23.51 | F47: 45817 | G47: 1 | I47: 17.2
C48: c | D48: 25 | F48: 45818 | G48: 1 | I48: 18.8
C49: c | D49: 22.31 | F49: 45819 | G49: 1 | I49: 17.6
C50: b | D50: 13.92
B51: 45952 | C51: b | D51: 15.2
B52: 45959 | C52: b | D52: 12.2
B53: 45959 | C53: b | D53: 8.2
B56: TOTAL BOSAS Y CANASTOS | D56: =SUM(D46:D55) -> 136.655 | G56: subtotales | H56: =SUM(H46:H55) -> 405.6 | I56: =SUM(I46:I55) -> 53.6 | J56: =SUM(J46:J55) -> 0 | K56: =SUM(K46:K55) -> 459.2
F57: PESO TOTAL BOLSON MAS CANASTOS | K57: =K56+D56 -> 595.855
B61: Canasto o bolsa | E61: 123- Molienda acetal negro
B62: fecha | C62: tipo y n° | D62: peso | E62: lote o bolson | F62: fecha | G62: canasto N° | H62: Peso inicial | I62: Entradas | J62: Salidas | K62: TOTAL bolsones | L62: estado
E63: 1 | H63: 632.8 | K63: =H63+I73-J73 -> 632.8
B73: TOTAL BOSAS Y CANASTOS | D73: =SUM(D63:D72) -> 0 | G73: subtotales | H73: =SUM(H63:H72) -> 632.8 | I73: =SUM(I63:I72) -> 0 | J73: =SUM(J63:J72) -> 0 | K73: =SUM(K63:K72) -> 632.8
F74: PESO TOTAL BOLSON MAS CANASTOS | K74: =K73+D73 -> 632.8
B77: Canasto o bolsa | E77: M157 MOLIENDA PVC CONTAMINADO
B78: fecha | C78: tipo y n° | D78: peso | E78: lote o bolson | F78: fecha | G78: canasto N° | H78: Peso inicial | I78: Entradas | J78: Salidas | K78: TOTAL bolsones | L78: estado
E79: 1 | H79: 510.4 | K79: =H79+I89-J89 -> 510.4
B89: TOTAL BOSAS Y CANASTOS | D89: =SUM(D79:D88) -> 0 | G89: subtotales | H89: =SUM(H79:H88) -> 510.4 | I89: =SUM(I79:I88) -> 0 | J89: =SUM(J79:J88) -> 0 | K89: =SUM(K79:K88) -> 510.4
F90: PESO TOTAL BOLSON MAS CANASTOS | K90: =K89+D89 -> 510.4
B93: Canasto o bolsa | E93: 116-Molienda Polipropieleno de segunda
B94: fecha | C94: tipo y n° | D94: peso | E94: lote o bolson | F94: fecha | G94: canasto N° | H94: Peso inicial | I94: entrada | J94: Salidas | K94: TOTAL bolsones | L94: estado
E95: 1 | H95: 229.685 | K95: =H95+I105-J105 -> 229.685
B105: TOTAL BOSAS Y CANASTOS | D105: =SUM(D95:D104) -> 0 | G105: subtotales | H105: =SUM(H95:H104) -> 229.685 | I105: =SUM(I95:I104) -> 0 | J105: =SUM(J95:J104) -> 0 | K105: =SUM(K95:K104) -> 229.685
F106: PESO TOTAL BOLSON MAS CANASTOS | K106: =K105+D105 -> 229.685
B108: Canasto o bolsa | E108: M141-Molienda santoprene 101-64
B109: fecha | C109: tipo y n° | D109: peso | E109: lote o bolson | F109: fecha | G109: canasto N° | H109: Peso inicial | I109: Entradas | J109: Salidas | K109: TOTAL bolsones | L109: estado
C110: b | D110: 16.8 | E110: 1 | H110: 512.4 | K110: =H110+I120-J120 -> 512.4
C111: b | D111: 4.4
C112: b | D112: 8.4
C113: b | D113: 5.6
C114: b | D114: 14.6
C115: b | D115: 16
C116: b | D116: 1.845
C117: b | D117: 15
C118: b | D118: 14.8
C119: c1 | D119: 15.7
B120: TOTAL BOSAS Y CANASTOS | D120: =SUM(D110:D119) -> 113.145 | G120: subtotales | H120: =SUM(H110:H119) -> 512.4 | I120: =SUM(I111:I119) -> 0 | J120: =SUM(J110:J119) -> 0 | K120: =SUM(K110:K119) -> 512.4
F121: PESO TOTAL BOLSON MAS CANASTOS | K121: =K120+D120 -> 625.545
B124: Canasto o bolsa | E124: 301-Purga de inyectado
B125: fecha | C125: tipo y n° | D125: peso | E125: lote o bolson | F125: fecha | G125: canasto N° | H125: Peso inicial | I125: Entradas | J125: Salidas | K125: TOTAL bolsones | L125: estado
E126: 1 | H126: 376 | K126: =H126+I136-J136 -> 376
B127: 45946 | C127: b | D127: 14.8
B128: 45954 | C128: b | D128: 11.4
B129: 45954 | C129: b | D129: 10.6
B136: TOTAL BOSAS Y CANASTOS | D136: =SUM(D126:D135) -> 36.8 | G136: subtotales | H136: =SUM(H126:H135) -> 376 | I136: =SUM(I126:I135) -> 0 | J136: =SUM(J126:J135) -> 0 | K136: =SUM(K126:K135) -> 376
F137: PESO TOTAL BOLSON MAS CANASTOS | K137: =K136+D136 -> 412.8
B140: Canasto o bolsa | E140: 300-DESCARTE Y MOLIENDA DE VALVULAS
B141: fecha | C141: tipo y n° | D141: peso | E141: lote o bolson | F141: fecha | G141: canasto N° | H141: Peso inicial | I141: Entradas | J141: Salidas | K141: TOTAL bolsones | L141: estado
E142: 1 | H142: 398.205 | K142: =H142+I152-J152 -> 398.205
B143: 45904 | C143: B | D143: 19
B144: 45904 | C144: B | D144: 11.2
B145: 45904 | C145: B | D145: 19.4
B146: 45946 | C146: b | D146: 10.2
C147: b | D147: 7.8
B148: 45952 | C148: b | D148: 13.2
B149: 45952 | C149: b | D149: 7.6
B150: 45954 | D150: 4.6
B152: TOTAL BOSAS Y CANASTOS | D152: =SUM(D142:D151) -> 93 | G152: subtotales | H152: =SUM(H142:H151) -> 398.205 | J152: =SUM(J142:J151) -> 0 | K152: =SUM(K142:K151) -> 398.205
F153: PESO TOTAL BOLSON MAS CANASTOS | K153: =K152+D152 -> 491.205
G156: M169 molienda santoprene 80 (101+201)
B157: Canasto o bolsa | E157: M169 molienda santoprene 80 (101+201)
B158: fecha | C158: tipo y n° | D158: peso | E158: lote o bolson | F158: fecha | G158: canasto N° | H158: Peso inicial | I158: Entradas | J158: Salidas | K158: TOTAL bolsones | L158: estado
E159: 1 | H159: 224.6 | K159: =H159+I169-J169 -> 224.6
B169: TOTAL BOSAS Y CANASTOS | D169: =SUM(D159:D168) -> 0 | G169: subtotales | H169: =SUM(H159:H168) -> 224.6 | I169: =SUM(I159:I168) -> 0 | J169: =SUM(J159:J168) -> 0 | K169: =SUM(K159:K168) -> 224.6
F170: PESO TOTAL BOLSON MAS CANASTOS | K170: =K169+D169 -> 224.6
B173: Canasto o bolsa | E173: M164-Molienda COPOLIMERO 2240 P
B174: fecha | C174: tipo y n° | D174: peso | E174: lote o bolson | F174: fecha | G174: canasto N° | H174: Peso inicial | I174: Entradas | J174: Salidas | K174: TOTAL bolsones | L174: estado
B175: 45791 | C175: C | D175: 20.53 | K175: =H175+I185-J185 -> 0
B176: 45779 | C176: C | D176: 9.8
B177: 45756 | C177: C | D177: 20
B178: 45771 | C178: C | D178: 23.885
B179: 45791 | C179: C | D179: 23
B185: TOTAL BOSAS Y CANASTOS | D185: =SUM(D175:D184) -> 97.215 | G185: subtotales | H185: =SUM(H175) -> 0 | I185: =SUM(I175:I184) -> 0 | J185: =SUM(J175:J184) -> 0 | K185: =SUM(K175:K184) -> 0
F186: PESO TOTAL BOLSON MAS CANASTOS | K186: =K185+D185 -> 97.215
B188: Canasto o bolsa | E188: 129-Molienda Prinz PVC
B189: fecha | C189: tipo y n° | D189: peso | E189: lote | F189: fecha | G189: canasto N° | H189: Peso inicial | I189: Entradas | J189: Salidas | K189: TOTAL bolsones | L189: estado
...

Sheet DATOS DE LA COMPRA 
B4: Daniela- Sabrina 28/04/2025
B5: FECHA | C5: MATERIAL VIRGEN | D5: Codigo del material del proveedor | E5: Kg | F5: PROVEEDOR | G5: N° DE ORDEN DE COMPRA CP | H5: REMITO | I5: OBSERVACIONES | J5: PARTIDA O LOTE | K5: CERTIFICADO DE CALIDAD | L5: RECIBIDO POR | M5: Se efectuo control de calidad Fecha | N5: laboratorio fecha | O5: FICHA TECNICA
B6: 46149 | C6: 31-COPOLIMERO 2240 P | D6: 2240P | E6: 1000 | F6: INDARNYL | G6: 0176/2026 | H6: 800012499 | I6: - | J6: si | K6: 67770 | L6: DANIELA | M6: 46149
B7: 46156 | C7: 24-Master negro 951 | D7: 951 | E7: 50 | F7: BERMA | G7: 055/2026D | H7: 69964 | J7: - | K7: L1664F270426 | L7: DANIELA | M7: 46156
B8: 46199 | C8: 38-compuesto PE AD SN | E8: 25 | F8: INDARNYL | H8: 800013005 | J8: SKP00004 | K8: 177 | L8: daniela | M8: 46199
B9: 46199 | C9: 3-Polipropileno COPOLIMERO COD:2630PC | D9: 2630pc | E9: 500 | F9: INDARNYL | G9: 0186/2026 | H9: 800012994 | J9: PC000003 | K9: 68233 | L9: daniela | M9: 46199
B10: 46199 | C10: 31-COPOLIMERO 2240 P | D10: 2240p | E10: 1000 | F10: INDARNYL | G10: 0186/2026 | H10: 800012994 | J10: PC000002 | K10: 68082 | L10: DANIELA | M10: 46199
B11: 46199 | C11: 39-Polipropileno homopolimero esencia | D11: material de prueba | E11: 25
B12: 46199 | C12: 40-polipropileno copolimero kunlun | D12: material de prueba | E12: 25
B13: 46199 | C13: 41-polipropileno copolimero sinopec | D13: material de prueba | E13: 25
B14: 46202 | C14: 19- PLASTOMER | D14: exact5371 | E14: 500 | F14: simko | G14: 0058/2026 | H14: 1021-00056192 | J14: 38376476 | K14: simko007 | L14: Eduardo Gonzalez | M14: 46202
B15: 46204 | C15: B1-Master Gris Oscuro 105808 | D15: 105808 | E15: 5 | F15: BERMA
B16: 46204 | C16: B10-Master Gris Oscuro nor 108900 (gris claro catalogo) | D16: 108900 | E16: 5 | F16: BERMA
B17: 46209 | C17: 38-compuesto PE AD SN | E17: 75 | F17: INDARNYL | G17: 0191/2026 | H17: 800013110 | J17: 177 | K17: pc000010 | L17: daniela
B18: 46209 | C18: 38-compuesto PE AD SN | E18: 25 | F18: INDARNYL | G18: 0191/2026 | H18: 800013110 | J18: 128 | K18: pc000009 | L18: daniela
B19: 46209 | C19: 31-COPOLIMERO 2240 P | D19: 2240p | E19: 1000 | F19: INDARNYL | G19: 0191/2026 | H19: 800013109 | J19: 68082 | K19: pc000008 | L19: daniela
B20: 46211 | C20: B1-Master Gris Oscuro 105808 | D20: 105808 | E20: 25 | F20: BERMA | L20: Alejandro R.
B21: 46219 | C21: A3- Master blanco 7500 | D21: 7500 | E21: 5 | F21: ARCOLOR | L21: DANIELA
B22: 46219 | C22: A13- master obispo | D22: 3119 | E22: 5 | F22: ARCOLOR | L22: DANIELA
B23: 46219 | C23: A9-Master naranja 7363 | D23: 7363 | E23: 5 | F23: ARCOLOR | L23: DANIELA
B24: 46219 | C24: A4- Master Azul 3351 | D24: 3351 | E24: 5 | F24: ARCOLOR | L24: DANIELA
B25: 46219 | C25: A6-Master Verde 4170 | D25: 4170 | E25: 4.99 | F25: ARCOLOR | L25: DANIELA
B26: 46223 | C26: 31-COPOLIMERO 2240 P | D26: 2240P | E26: 1500 | F26: INDARNYL | G26: 0193/2026 | H26: 80013285 | J26: 68082 | K26: PC000011 | L26: daniela
B27: 46226 | C27: 31-COPOLIMERO 2240 P | D27: 2240p | E27: 6000 | F27: INDARNYL | G27: 0195/2026 | H27: 80013326 | J27: 68082 | K27: pc000013 | L27: daniela
B28: 46239 | C28: 3-Polipropileno COPOLIMERO COD:2630PC | D28: 2630pc | E28: 4000 | F28: INDARNYL | G28: 0198/2026 | H28: 800013470 | J28: 68453 | K28: pc000014 | L28: daniela
B29: 46239 | C29: B1-Master Gris Oscuro 105808 | D29: 105808 | E29: 35 | F29: BERMA | G29: 0197/2026-199/2026 | H29: 011-00046271 | L29: daniela
B30: 46239 | C30: 24-Master negro 951 | D30: 951 | E30: 50 | F30: BERMA | G30: 197/2026 | H30: 011-00046271 | L30: daniela
B31: 46239 | C31: B7-Master Rojo 100319 | D31: 100319 | E31: 5 | F31: BERMA | G31: 197/2026 | H31: 011-00046271 | L31: daniela
B32: 46244 | C32: A5- Master Amarillo 7228 | D32: 7228 | E32: 5 | F32: ARCOLOR | G32: 064/2026d | H32: 0104-000144887 | L32: daniela
B33: 46244 | C33: A14- Master Yute 4101 | D33: 4101 | E33: 5 | F33: ARCOLOR | G33: 064/2026d | H33: 0104-000144887 | L33: daniela
B34: 46244 | C34: A4- Master Azul 3351 | D34: 3351 | E34: 25 | F34: ARCOLOR | G34: 0066/2026d | H34: 0104-00014496 | L34: daniela

Sheet Hoja1
